"p_val","avg_log2FC","pct.1","pct.2","p_val_adj","cluster","gene"
0,7.66220498917258,0.376,0.002,0,"0","CLEC4E"
0,7.53803048838466,0.838,0.017,0,"0","S100A12"
0,7.2198337822592,0.991,0.164,0,"0","S100A8"
0,7.19884670518158,0.27,0.002,0,"0","CYP27A1"
0,7.07762004200378,0.842,0.015,0,"0","CD14"
0,2.50485005846825,0.28,0.052,0,"1","ADTRP"
0,2.16132462089347,0.381,0.094,0,"1","FHIT"
0,1.82660086310396,0.343,0.101,0,"1","CHRM3-AS2"
0,1.73643506017536,0.276,0.086,0,"1","EPHX2"
0,1.6864834689748,0.666,0.238,0,"1","CCR7"
0,1.8231614826706,0.272,0.079,0,"2","CD40LG"
0,1.80917744544475,0.573,0.199,0,"2","AQP3"
0,1.72363875093494,0.41,0.153,0,"2","GATA3"
0,1.58318227663403,0.518,0.207,0,"2","TRADD"
0,1.5702465889376,0.414,0.152,0,"2","GPR183"
0,6.03199641762956,0.605,0.011,0,"3","SH2D1B"
0,5.29070676056952,0.788,0.028,0,"3","KLRF1"
0,5.1974841037104,0.86,0.064,0,"3","SPON2"
0,5.16825918072411,0.267,0.008,0,"3","NCAM1"
0,5.16811987176252,0.356,0.01,0,"3","NCR1"
0,9.86011643717681,0.481,0.001,0,"4","VPREB3"
0,9.58482305365024,0.364,0.001,0,"4","COL19A1"
0,9.30464051539958,0.329,0.001,0,"4","CD24"
0,9.2347039047512,0.851,0.003,0,"4","LINC00926"
0,9.18607509559862,0.404,0.001,0,"4","PAX5"
0,4.70117000909352,0.765,0.039,0,"5","LINC02446"
0,4.62728144888346,0.254,0.011,0,"5","CD248"
0,3.59693642631766,0.978,0.114,0,"5","CD8B"
0,2.88018500392191,0.301,0.042,0,"5","NT5E"
0,2.75769385047992,0.322,0.05,0,"5","LRRN3"
0,3.16992359182253,0.578,0.092,0,"6","GZMK"
0,2.93839700674063,0.826,0.146,0,"6","CD8A"
0,2.72393529690034,0.817,0.126,0,"6","CD8B"
0,2.52270614895821,0.376,0.072,0,"6","KLRC4"
0,2.35045366772527,0.765,0.259,0,"6","DUSP2"
0,7.28445416533127,0.403,0.005,0,"7","TRDV2"
0,6.20660248724107,0.352,0.006,0,"7","SLC4A10"
0,5.63725043666785,0.471,0.028,0,"7","TRGV9"
0,4.64767295521731,0.409,0.017,0,"7","TRAV1-2"
0,3.45775244723015,0.914,0.168,0,"7","KLRB1"
0,6.05685301102733,1,0.026,0,"8","TRBV20-1"
3.30381356596873e-254,1.126940675721,0.635,0.301,6.50620005546223e-250,"8","MAL"
2.55803265290011e-127,1.03693112865477,0.415,0.208,5.03753370335618e-123,"8","TRAT1"
1.48808772033762e-153,1.03548181284891,0.474,0.236,2.93049114766088e-149,"8","AQP3"
1.04365899927128e-87,1.03475637085066,0.276,0.131,2.05527766726492e-83,"8","CHRM3-AS2"
0,8.22304790225953,0.251,0.002,0,"9","AQP10"
0,8.03658058974973,0.916,0.019,0,"9","GP9"
0,8.01076765677344,0.461,0.005,0,"9","GP1BA"
0,7.98608322625527,0.455,0.005,0,"9","TUBA8"
0,7.97011134972374,0.399,0.004,0,"9","LY6G6F"
0,3.55658594694349,0.753,0.098,0,"10","GZMH"
0,2.92373969200682,0.399,0.055,0,"10","PRSS23"
0,2.91770307952812,0.519,0.074,0,"10","ADGRG1"
0,2.76079248150137,0.78,0.1,0,"10","FGFBP2"
0,2.75399913751278,0.313,0.052,0,"10","C1orf21"
0,8.42000797938894,1,0.009,0,"11","TRBV5-1"
4.01013245268387e-81,1.16184706157639,0.256,0.115,7.89715383907035e-77,"11","LINC01550"
4.34217601782199e-75,1.04788471108591,0.275,0.132,8.55104723189684e-71,"11","FHIT"
9.15935083634782e-68,1.03504947961807,0.268,0.132,1.80375096020198e-63,"11","CHRM3-AS2"
1.76227645293224e-179,1.00057391977722,0.613,0.303,3.47045101875946e-175,"11","MAL"
0,10.4551873164271,0.298,0.001,0,"12","LYPD2"
0,9.45306888875113,0.309,0,0,"12","AC104809.2"
0,8.5654125516348,0.831,0.011,0,"12","CDKN1C"
0,7.68786439191252,0.274,0.003,0,"12","C1QA"
0,7.10825604973455,0.467,0.006,0,"12","CKB"
0,8.90028712504675,1,0.009,0,"13","TRBV7-9"
5.99415488674048e-169,1.44227710453145,0.405,0.152,1.1804289218458e-164,"13","CD8B"
4.16094804151001e-103,1.21592479321565,0.376,0.173,8.19415497814567e-99,"13","CD8A"
5.88088170450109e-94,1.08051631825159,0.412,0.205,1.1581220340674e-89,"13","NELL2"
3.4347614890299e-50,0.852857148025189,0.318,0.175,6.76407580034658e-46,"13","THEMIS"
0,8.15897473607011,1,0.009,0,"14","TRBV19"
1.78286602446377e-153,1.0404728736167,0.62,0.305,3.51099806197651e-149,"14","MAL"
2.74052806712492e-199,1.01432243772184,0.766,0.384,5.3969219225891e-195,"14","LEF1"
3.58278090446956e-87,0.985923019798984,0.417,0.211,7.05557043517191e-83,"14","TRAT1"
9.35192588192061e-55,0.980876401637055,0.272,0.135,1.84167476392662e-50,"14","SIRPG"
0,8.56233801990398,1,0.008,0,"15","TRBV7-2"
1.93701261553461e-146,1.14678651024402,0.642,0.306,3.81455894377231e-142,"15","MAL"
2.50379002796896e-94,1.14077671726495,0.445,0.208,4.93071370207928e-90,"15","TRABD2A"
2.81935794196194e-53,1.11067315830739,0.282,0.134,5.55216159510564e-49,"15","CHRM3-AS2"
1.10194924665708e-97,1.0622596505929,0.5,0.245,2.17006865144179e-93,"15","INPP4B"
7.56945254478388e-141,2.4764571026583,0.502,0.265,1.49065228964429e-136,"16","XIST"
0,2.18920398819942,1,0.998,0,"16","MALAT1"
8.22264244529124e-42,2.04605924949529,0.272,0.155,1.6192849767512e-37,"16","SESN3"
2.73184172180983e-80,1.98989245476896,0.389,0.215,5.37981590276011e-76,"16","SERINC5"
6.93965551500699e-69,1.80418994381511,0.409,0.252,1.36662636057033e-64,"16","PDE3B"
0,8.79545937578157,0.548,0.002,0,"17","ENHO"
0,8.77875078283481,0.794,0.006,0,"17","FCER1A"
0,7.34315257877796,0.762,0.014,0,"17","CLEC10A"
0,6.91436570916377,0.635,0.015,0,"17","CD1C"
0,5.4985776600336,0.443,0.012,0,"17","FLT3"
0,4.496302001467,1,0.053,0,"18","TRBV20-1"
0,3.52821129216861,0.372,0.031,0,"18","TRAV1-2"
0,3.16051097767022,0.81,0.11,0,"18","GZMK"
1.65860702920529e-145,2.61232136864825,0.299,0.047,3.26629482261397e-141,"18","EOMES"
4.52596430436547e-272,2.57026548809851,0.9,0.278,8.91298150458691e-268,"18","DUSP2"
4.79684415889126e-157,1.43147780129323,0.438,0.084,9.44642520210455e-153,"19","CLU"
1.38029580738949e-154,1.40643967684042,0.331,0.05,2.71821653349213e-150,"19","MYL9"
1.99157856777245e-53,1.40599219827926,0.259,0.071,3.92201567351429e-49,"19","MAP3K7CL"
6.07234659887605e-186,1.30354102001149,0.418,0.066,1.19582721571666e-181,"19","SPARC"
5.21116691742207e-204,1.25850810154747,0.458,0.073,1.02623510104793e-199,"19","CAVIN2"
0,12.3469579510913,0.78,0,0,"20","LRRC26"
0,12.1140555165987,0.355,0,0,"20","AC097375.1"
0,12.0646829031274,0.502,0,0,"20","SHD"
0,12.0201885931345,0.319,0,0,"20","AL513493.1"
0,11.9934216835717,0.696,0,0,"20","SCT"
1.16430338683661e-51,1.90856217908251,0.408,0.125,2.29286265969733e-47,"21","AC026979.2"
1.84657194246357e-34,1.7590838872718,0.281,0.085,3.63645412629352e-30,"21","ADTRP"
3.19055556485305e-188,1.75103990407159,1,0.997,6.28316107386511e-184,"21","RPL41"
1.78415111876865e-40,1.52249505692237,0.399,0.135,3.5135287981911e-36,"21","FHIT"
5.78026162834575e-88,1.33958736255835,0.967,0.678,1.13830692247013e-83,"21","PCBP2"
0,4.27726607198303,1,0.057,0,"22","TRBV20-1"
0,3.63293093462419,0.783,0.073,0,"22","LINC02446"
4.63812228245689e-135,3.56243441333326,0.256,0.023,9.13385421084234e-131,"22","CD248"
8.59674223763769e-322,3.04573421917598,0.992,0.155,1.69295644885799e-317,"22","CD8B"
2.3823718924536e-58,2.45921052778011,0.283,0.054,4.69160496780887e-54,"22","NT5E"
0,12.1867341682718,0.29,0,0,"23","IFIT1B"
0,11.8070108366802,0.692,0.002,0,"23","CA1"
0,11.6109936982007,0.723,0.001,0,"23","HBM"
0,11.5232569852269,0.83,0.002,0,"23","ALAS2"
0,11.5130938829391,0.991,0.166,0,"23","HBB"
0,12.3982262422755,0.298,0,0,"24","MYCN"
0,12.3514053855225,0.536,0,0,"24","CD34"
0,11.6998056917711,0.265,0,0,"24","LINC02573"
0,10.1033213211547,0.354,0,0,"24","NPR3"
0,9.93512471939304,0.354,0.001,0,"24","CRHBP"
0,9.13435358465167,0.261,0.001,0,"25","DLGAP5"
0,9.08611739899882,0.456,0.001,0,"25","BIRC5"
0,8.8727814734474,0.656,0.004,0,"25","RRM2"
0,8.84738916201914,0.717,0.004,0,"25","MKI67"
0,8.82508371263526,0.267,0.001,0,"25","CDC20"
